tick,state_x0,state_x1,state_x2,energy_v,v_dot,status
1,3.0,2.0,1.5,14.8125,-22.175,STABLE [مستقر]
2,2.61,1.72,1.38,11.4114,-16.9479,STABLE [مستقر]
3,2.2707,1.4792,1.2696,8.812,-12.9812,STABLE [مستقر]
4,1.9755,1.2721,1.168,6.8217,-9.9661,STABLE [مستقر]
5,1.7187,1.094,1.0746,5.295,-7.6705,STABLE [مستقر]
6,1.4953,0.9409,0.9886,4.1214,-5.9194,STABLE [مستقر]
7,1.3009,0.8091,0.9095,3.2174,-4.581,STABLE [مستقر]
8,1.1318,0.6959,0.8368,2.5193,-3.5558,STABLE [مستقر]
9,0.9846,0.5984,0.7698,1.9789,-2.7686,STABLE [مستقر]
10,2.3566,-0.4853,0.7082,1.5595,-2.1627,STABLE [مستقر]
11,2.1253,-0.4574,0.6516,5.2044,-6.4754,STABLE [مستقر]
12,1.849,-0.3934,0.5995,3.984,-4.951,STABLE [مستقر]
13,1.6086,-0.3383,0.5515,3.0537,-3.7903,STABLE [مستقر]
14,1.3995,-0.2909,0.5074,2.3439,-2.9057,STABLE [مستقر]
15,1.2176,-0.2502,0.4668,1.8018,-2.231,STABLE [مستقر]
16,1.0593,-0.2152,0.4294,1.3873,-1.7157,STABLE [مستقر]
17,0.9216,-0.185,0.3951,1.0701,-1.3218,STABLE [مستقر]
18,0.8018,-0.1591,0.3635,0.827,-1.0202,STABLE [مستقر]
19,0.6975,-0.1369,0.3344,0.6404,-0.7891,STABLE [مستقر]
20,0.6069,-0.1177,0.3077,0.497,-0.6116,STABLE [مستقر]
