scenario,t,bytes_rate,connection_rate,anomaly_score,V,dVdt,risk,action,authorized
low,0.0,1000.0,10.0,0.0,50.5,0.0,low,pass,True
low,0.01,1000.0,10.0,0.0,50.5,0.0,low,pass,True
low,0.02,1000.0,10.0,0.0,50.5,0.0,low,pass,True
low,0.03,1000.0,10.0,0.0,50.5,0.0,low,pass,True
low,0.04,1000.0,10.0,0.0,50.5,0.0,low,pass,True
low,0.05,1000.0,10.0,0.0,50.5,0.0,low,pass,True
low,0.06,1000.0,10.0,0.0,50.5,0.0,low,pass,True
low,0.07,1000.0,10.0,0.0,50.5,0.0,low,pass,True
low,0.08,1000.0,10.0,0.0,50.5,0.0,low,pass,True
low,0.09,1000.0,10.0,0.0,50.5,0.0,low,pass,True
low,0.1,1000.0,10.0,0.0,50.5,0.0,low,pass,True
low,0.11,1000.0,10.0,0.0,50.5,0.0,low,pass,True
low,0.12,1000.0,10.0,0.0,50.5,0.0,low,pass,True
low,0.13,1000.0,10.0,0.0,50.5,0.0,low,pass,True
low,0.14,1000.0,10.0,0.0,50.5,0.0,low,pass,True
low,0.15,1000.0,10.0,0.0,50.5,0.0,low,pass,True
low,0.16,1000.0,10.0,0.0,50.5,0.0,low,pass,True
low,0.17,1000.0,10.0,0.0,50.5,0.0,low,pass,True
low,0.18,1000.0,10.0,0.0,50.5,0.0,low,pass,True
low,0.19,1000.0,10.0,0.0,50.5,0.0,low,pass,True
low,0.2,1000.0,10.0,0.0,50.5,0.0,low,pass,True
low,0.21,1000.0,10.0,0.0,50.5,0.0,low,pass,True
low,0.22,1000.0,10.0,0.0,50.5,0.0,low,pass,True
low,0.23,1000.0,10.0,0.0,50.5,0.0,low,pass,True
low,0.24,1000.0,10.0,0.0,50.5,0.0,low,pass,True
low,0.25,1000.0,10.0,0.0,50.5,0.0,low,pass,True
low,0.26,1000.0,10.0,0.0,50.5,0.0,low,pass,True
low,0.27,1000.0,10.0,0.0,50.5,0.0,low,pass,True
low,0.28,1000.0,10.0,0.0,50.5,0.0,low,pass,True
low,0.29,1000.0,10.0,0.0,50.5,0.0,low,pass,True
low,0.3,1000.0,10.0,0.0,50.5,0.0,low,pass,True
low,0.31,1000.0,10.0,0.0,50.5,0.0,low,pass,True
low,0.32,1000.0,10.0,0.0,50.5,0.0,low,pass,True
low,0.33,1000.0,10.0,0.0,50.5,0.0,low,pass,True
low,0.34,1000.0,10.0,0.0,50.5,0.0,low,pass,True
low,0.35000000000000003,1000.0,10.0,0.0,50.5,0.0,low,pass,True
low,0.36,1000.0,10.0,0.0,50.5,0.0,low,pass,True
low,0.37,1000.0,10.0,0.0,50.5,0.0,low,pass,True
low,0.38,1000.0,10.0,0.0,50.5,0.0,low,pass,True
low,0.39,1000.0,10.0,0.0,50.5,0.0,low,pass,True
low,0.4,1000.0,10.0,0.0,50.5,0.0,low,pass,True
low,0.41000000000000003,1000.0,10.0,0.0,50.5,0.0,low,pass,True
low,0.42,1000.0,10.0,0.0,50.5,0.0,low,pass,True
low,0.43,1000.0,10.0,0.0,50.5,0.0,low,pass,True
low,0.44,1000.0,10.0,0.0,50.5,0.0,low,pass,True
low,0.45,1000.0,10.0,0.0,50.5,0.0,low,pass,True
low,0.46,1000.0,10.0,0.0,50.5,0.0,low,pass,True
low,0.47000000000000003,1000.0,10.0,0.0,50.5,0.0,low,pass,True
low,0.48,1000.0,10.0,0.0,50.5,0.0,low,pass,True
low,0.49,1000.0,10.0,0.0,50.5,0.0,low,pass,True
low,0.5,1000.0,10.0,0.0,50.5,0.0,low,pass,True
low,0.51,1000.0,10.0,0.0,50.5,0.0,low,pass,True
low,0.52,1000.0,10.0,0.0,50.5,0.0,low,pass,True
low,0.53,1000.0,10.0,0.0,50.5,0.0,low,pass,True
low,0.54,1000.0,10.0,0.0,50.5,0.0,low,pass,True
low,0.55,1000.0,10.0,0.0,50.5,0.0,low,pass,True
low,0.56,1000.0,10.0,0.0,50.5,0.0,low,pass,True
low,0.5700000000000001,1000.0,10.0,0.0,50.5,0.0,low,pass,True
low,0.58,1000.0,10.0,0.0,50.5,0.0,low,pass,True
low,0.59,1000.0,10.0,0.0,50.5,0.0,low,pass,True
low,0.6,1000.0,10.0,0.0,50.5,0.0,low,pass,True
low,0.61,1000.0,10.0,0.0,50.5,0.0,low,pass,True
low,0.62,1000.0,10.0,0.0,50.5,0.0,low,pass,True
low,0.63,1000.0,10.0,0.0,50.5,0.0,low,pass,True
low,0.64,1000.0,10.0,0.0,50.5,0.0,low,pass,True
low,0.65,1000.0,10.0,0.0,50.5,0.0,low,pass,True
low,0.66,1000.0,10.0,0.0,50.5,0.0,low,pass,True
low,0.67,1000.0,10.0,0.0,50.5,0.0,low,pass,True
low,0.68,1000.0,10.0,0.0,50.5,0.0,low,pass,True
low,0.6900000000000001,1000.0,10.0,0.0,50.5,0.0,low,pass,True
low,0.7000000000000001,1000.0,10.0,0.0,50.5,0.0,low,pass,True
low,0.71,1000.0,10.0,0.0,50.5,0.0,low,pass,True
low,0.72,1000.0,10.0,0.0,50.5,0.0,low,pass,True
low,0.73,1000.0,10.0,0.0,50.5,0.0,low,pass,True
low,0.74,1000.0,10.0,0.0,50.5,0.0,low,pass,True
low,0.75,1000.0,10.0,0.0,50.5,0.0,low,pass,True
low,0.76,1000.0,10.0,0.0,50.5,0.0,low,pass,True
low,0.77,1000.0,10.0,0.0,50.5,0.0,low,pass,True
low,0.78,1000.0,10.0,0.0,50.5,0.0,low,pass,True
low,0.79,1000.0,10.0,0.0,50.5,0.0,low,pass,True
low,0.8,1000.0,10.0,0.0,50.5,0.0,low,pass,True
low,0.81,1000.0,10.0,0.0,50.5,0.0,low,pass,True
low,0.8200000000000001,1000.0,10.0,0.0,50.5,0.0,low,pass,True
low,0.8300000000000001,1000.0,10.0,0.0,50.5,0.0,low,pass,True
low,0.84,1000.0,10.0,0.0,50.5,0.0,low,pass,True
low,0.85,1000.0,10.0,0.0,50.5,0.0,low,pass,True
low,0.86,1000.0,10.0,0.0,50.5,0.0,low,pass,True
low,0.87,1000.0,10.0,0.0,50.5,0.0,low,pass,True
low,0.88,1000.0,10.0,0.0,50.5,0.0,low,pass,True
low,0.89,1000.0,10.0,0.0,50.5,0.0,low,pass,True
low,0.9,1000.0,10.0,0.0,50.5,0.0,low,pass,True
low,0.91,1000.0,10.0,0.0,50.5,0.0,low,pass,True
low,0.92,1000.0,10.0,0.0,50.5,0.0,low,pass,True
low,0.93,1000.0,10.0,0.0,50.5,0.0,low,pass,True
low,0.9400000000000001,1000.0,10.0,0.0,50.5,0.0,low,pass,True
low,0.9500000000000001,1000.0,10.0,0.0,50.5,0.0,low,pass,True
low,0.96,1000.0,10.0,0.0,50.5,0.0,low,pass,True
low,0.97,1000.0,10.0,0.0,50.5,0.0,low,pass,True
low,0.98,1000.0,10.0,0.0,50.5,0.0,low,pass,True
low,0.99,1000.0,10.0,0.0,50.5,0.0,low,pass,True
low,1.0,2000.0,10.0,0.05,200.5,14999.999999999987,high,drop,True
low,1.01,2000.0,10.0,0.05,200.5,0.0,low,pass,True
low,1.02,2000.0,10.0,0.05,200.5,0.0,low,pass,True
low,1.03,2000.0,10.0,0.05,200.5,0.0,low,pass,True
low,1.04,2000.0,10.0,0.05,200.5,0.0,low,pass,True
low,1.05,2000.0,10.0,0.05,200.5,0.0,low,pass,True
low,1.06,2000.0,10.0,0.05,200.5,0.0,low,pass,True
low,1.07,2000.0,10.0,0.05,200.5,0.0,low,pass,True
low,1.08,2000.0,10.0,0.05,200.5,0.0,low,pass,True
low,1.09,2000.0,10.0,0.05,200.5,0.0,low,pass,True
low,1.1,2000.0,10.0,0.05,200.5,0.0,low,pass,True
low,1.11,2000.0,10.0,0.05,200.5,0.0,low,pass,True
low,1.12,2000.0,10.0,0.05,200.5,0.0,low,pass,True
low,1.1300000000000001,2000.0,10.0,0.05,200.5,0.0,low,pass,True
low,1.1400000000000001,2000.0,10.0,0.05,200.5,0.0,low,pass,True
low,1.1500000000000001,2000.0,10.0,0.05,200.5,0.0,low,pass,True
low,1.16,2000.0,10.0,0.05,200.5,0.0,low,pass,True
low,1.17,2000.0,10.0,0.05,200.5,0.0,low,pass,True
low,1.18,2000.0,10.0,0.05,200.5,0.0,low,pass,True
low,1.19,2000.0,10.0,0.05,200.5,0.0,low,pass,True
low,1.2,2000.0,10.0,0.05,200.5,0.0,low,pass,True
low,1.21,1000.0,10.0,0.0,50.5,-14999.999999999987,low,pass,True
low,1.22,1000.0,10.0,0.0,50.5,0.0,low,pass,True
low,1.23,1000.0,10.0,0.0,50.5,0.0,low,pass,True
low,1.24,1000.0,10.0,0.0,50.5,0.0,low,pass,True
low,1.25,1000.0,10.0,0.0,50.5,0.0,low,pass,True
low,1.26,1000.0,10.0,0.0,50.5,0.0,low,pass,True
low,1.27,1000.0,10.0,0.0,50.5,0.0,low,pass,True
low,1.28,1000.0,10.0,0.0,50.5,0.0,low,pass,True
low,1.29,1000.0,10.0,0.0,50.5,0.0,low,pass,True
low,1.3,1000.0,10.0,0.0,50.5,0.0,low,pass,True
low,1.31,1000.0,10.0,0.0,50.5,0.0,low,pass,True
low,1.32,1000.0,10.0,0.0,50.5,0.0,low,pass,True
low,1.33,1000.0,10.0,0.0,50.5,0.0,low,pass,True
low,1.34,1000.0,10.0,0.0,50.5,0.0,low,pass,True
low,1.35,1000.0,10.0,0.0,50.5,0.0,low,pass,True
low,1.36,1000.0,10.0,0.0,50.5,0.0,low,pass,True
low,1.37,1000.0,10.0,0.0,50.5,0.0,low,pass,True
low,1.3800000000000001,1000.0,10.0,0.0,50.5,0.0,low,pass,True
low,1.3900000000000001,1000.0,10.0,0.0,50.5,0.0,low,pass,True
low,1.4000000000000001,1000.0,10.0,0.0,50.5,0.0,low,pass,True
low,1.41,1000.0,10.0,0.0,50.5,0.0,low,pass,True
low,1.42,1000.0,10.0,0.0,50.5,0.0,low,pass,True
low,1.43,1000.0,10.0,0.0,50.5,0.0,low,pass,True
low,1.44,1000.0,10.0,0.0,50.5,0.0,low,pass,True
low,1.45,1000.0,10.0,0.0,50.5,0.0,low,pass,True
low,1.46,1000.0,10.0,0.0,50.5,0.0,low,pass,True
low,1.47,1000.0,10.0,0.0,50.5,0.0,low,pass,True
low,1.48,1000.0,10.0,0.0,50.5,0.0,low,pass,True
low,1.49,1000.0,10.0,0.0,50.5,0.0,low,pass,True
low,1.5,1000.0,10.0,0.0,50.5,0.0,low,pass,True
low,1.51,1000.0,10.0,0.0,50.5,0.0,low,pass,True
low,1.52,1000.0,10.0,0.0,50.5,0.0,low,pass,True
low,1.53,1000.0,10.0,0.0,50.5,0.0,low,pass,True
low,1.54,1000.0,10.0,0.0,50.5,0.0,low,pass,True
low,1.55,1000.0,10.0,0.0,50.5,0.0,low,pass,True
low,1.56,1000.0,10.0,0.0,50.5,0.0,low,pass,True
low,1.57,1000.0,10.0,0.0,50.5,0.0,low,pass,True
low,1.58,1000.0,10.0,0.0,50.5,0.0,low,pass,True
low,1.59,1000.0,10.0,0.0,50.5,0.0,low,pass,True
low,1.6,1000.0,10.0,0.0,50.5,0.0,low,pass,True
low,1.61,1000.0,10.0,0.0,50.5,0.0,low,pass,True
low,1.62,1000.0,10.0,0.0,50.5,0.0,low,pass,True
low,1.6300000000000001,1000.0,10.0,0.0,50.5,0.0,low,pass,True
low,1.6400000000000001,1000.0,10.0,0.0,50.5,0.0,low,pass,True
low,1.6500000000000001,1000.0,10.0,0.0,50.5,0.0,low,pass,True
low,1.6600000000000001,1000.0,10.0,0.0,50.5,0.0,low,pass,True
low,1.67,1000.0,10.0,0.0,50.5,0.0,low,pass,True
low,1.68,1000.0,10.0,0.0,50.5,0.0,low,pass,True
low,1.69,1000.0,10.0,0.0,50.5,0.0,low,pass,True
low,1.7,1000.0,10.0,0.0,50.5,0.0,low,pass,True
low,1.71,1000.0,10.0,0.0,50.5,0.0,low,pass,True
low,1.72,1000.0,10.0,0.0,50.5,0.0,low,pass,True
low,1.73,1000.0,10.0,0.0,50.5,0.0,low,pass,True
low,1.74,1000.0,10.0,0.0,50.5,0.0,low,pass,True
low,1.75,1000.0,10.0,0.0,50.5,0.0,low,pass,True
low,1.76,1000.0,10.0,0.0,50.5,0.0,low,pass,True
low,1.77,1000.0,10.0,0.0,50.5,0.0,low,pass,True
low,1.78,1000.0,10.0,0.0,50.5,0.0,low,pass,True
low,1.79,1000.0,10.0,0.0,50.5,0.0,low,pass,True
low,1.8,1000.0,10.0,0.0,50.5,0.0,low,pass,True
low,1.81,1000.0,10.0,0.0,50.5,0.0,low,pass,True
low,1.82,1000.0,10.0,0.0,50.5,0.0,low,pass,True
low,1.83,1000.0,10.0,0.0,50.5,0.0,low,pass,True
low,1.84,1000.0,10.0,0.0,50.5,0.0,low,pass,True
low,1.85,1000.0,10.0,0.0,50.5,0.0,low,pass,True
low,1.86,1000.0,10.0,0.0,50.5,0.0,low,pass,True
low,1.87,1000.0,10.0,0.0,50.5,0.0,low,pass,True
low,1.8800000000000001,1000.0,10.0,0.0,50.5,0.0,low,pass,True
low,1.8900000000000001,1000.0,10.0,0.0,50.5,0.0,low,pass,True
low,1.9000000000000001,1000.0,10.0,0.0,50.5,0.0,low,pass,True
low,1.9100000000000001,1000.0,10.0,0.0,50.5,0.0,low,pass,True
low,1.92,1000.0,10.0,0.0,50.5,0.0,low,pass,True
low,1.93,1000.0,10.0,0.0,50.5,0.0,low,pass,True
low,1.94,1000.0,10.0,0.0,50.5,0.0,low,pass,True
low,1.95,1000.0,10.0,0.0,50.5,0.0,low,pass,True
low,1.96,1000.0,10.0,0.0,50.5,0.0,low,pass,True
low,1.97,1000.0,10.0,0.0,50.5,0.0,low,pass,True
low,1.98,1000.0,10.0,0.0,50.5,0.0,low,pass,True
low,1.99,1000.0,10.0,0.0,50.5,0.0,low,pass,True
medium,0.0,1000.0,10.0,0.75,50.5,0.0,medium,observe_only,False
medium,0.01,1000.0,10.0,0.75,50.5,0.0,medium,observe_only,False
medium,0.02,1000.0,10.0,0.75,50.5,0.0,medium,observe_only,False
medium,0.03,1000.0,10.0,0.75,50.5,0.0,medium,observe_only,False
medium,0.04,1000.0,10.0,0.75,50.5,0.0,medium,observe_only,False
medium,0.05,1000.0,10.0,0.75,50.5,0.0,medium,observe_only,False
medium,0.06,1000.0,10.0,0.75,50.5,0.0,medium,observe_only,False
medium,0.07,1000.0,10.0,0.75,50.5,0.0,medium,observe_only,False
medium,0.08,1000.0,10.0,0.75,50.5,0.0,medium,observe_only,False
medium,0.09,1000.0,10.0,0.75,50.5,0.0,medium,observe_only,False
medium,0.1,1000.0,10.0,0.75,50.5,0.0,medium,observe_only,False
medium,0.11,1000.0,10.0,0.75,50.5,0.0,medium,observe_only,False
medium,0.12,1000.0,10.0,0.75,50.5,0.0,medium,observe_only,False
medium,0.13,1000.0,10.0,0.75,50.5,0.0,medium,observe_only,False
medium,0.14,1000.0,10.0,0.75,50.5,0.0,medium,observe_only,False
medium,0.15,1000.0,10.0,0.75,50.5,0.0,medium,observe_only,False
medium,0.16,1000.0,10.0,0.75,50.5,0.0,medium,observe_only,False
medium,0.17,1000.0,10.0,0.75,50.5,0.0,medium,observe_only,False
medium,0.18,1000.0,10.0,0.75,50.5,0.0,medium,observe_only,False
medium,0.19,1000.0,10.0,0.75,50.5,0.0,medium,observe_only,False
medium,0.2,1000.0,10.0,0.75,50.5,0.0,medium,observe_only,False
medium,0.21,1000.0,10.0,0.75,50.5,0.0,medium,observe_only,False
medium,0.22,1000.0,10.0,0.75,50.5,0.0,medium,observe_only,False
medium,0.23,1000.0,10.0,0.75,50.5,0.0,medium,observe_only,False
medium,0.24,1000.0,10.0,0.75,50.5,0.0,medium,observe_only,False
medium,0.25,1000.0,10.0,0.75,50.5,0.0,medium,observe_only,False
medium,0.26,1000.0,10.0,0.75,50.5,0.0,medium,observe_only,False
medium,0.27,1000.0,10.0,0.75,50.5,0.0,medium,observe_only,False
medium,0.28,1000.0,10.0,0.75,50.5,0.0,medium,observe_only,False
medium,0.29,1000.0,10.0,0.75,50.5,0.0,medium,observe_only,False
medium,0.3,1000.0,10.0,0.75,50.5,0.0,medium,observe_only,False
medium,0.31,1000.0,10.0,0.75,50.5,0.0,medium,observe_only,False
medium,0.32,1000.0,10.0,0.75,50.5,0.0,medium,observe_only,False
medium,0.33,1000.0,10.0,0.75,50.5,0.0,medium,observe_only,False
medium,0.34,1000.0,10.0,0.75,50.5,0.0,medium,observe_only,False
medium,0.35000000000000003,1000.0,10.0,0.75,50.5,0.0,medium,observe_only,False
medium,0.36,1000.0,10.0,0.75,50.5,0.0,medium,observe_only,False
medium,0.37,1000.0,10.0,0.75,50.5,0.0,medium,observe_only,False
medium,0.38,1000.0,10.0,0.75,50.5,0.0,medium,observe_only,False
medium,0.39,1000.0,10.0,0.75,50.5,0.0,medium,observe_only,False
medium,0.4,1000.0,10.0,0.75,50.5,0.0,medium,observe_only,False
medium,0.41000000000000003,1000.0,10.0,0.75,50.5,0.0,medium,observe_only,False
medium,0.42,1000.0,10.0,0.75,50.5,0.0,medium,observe_only,False
medium,0.43,1000.0,10.0,0.75,50.5,0.0,medium,observe_only,False
medium,0.44,1000.0,10.0,0.75,50.5,0.0,medium,observe_only,False
medium,0.45,1000.0,10.0,0.75,50.5,0.0,medium,observe_only,False
medium,0.46,1000.0,10.0,0.75,50.5,0.0,medium,observe_only,False
medium,0.47000000000000003,1000.0,10.0,0.75,50.5,0.0,medium,observe_only,False
medium,0.48,1000.0,10.0,0.75,50.5,0.0,medium,observe_only,False
medium,0.49,1000.0,10.0,0.75,50.5,0.0,medium,observe_only,False
medium,0.5,1000.0,10.0,0.75,50.5,0.0,medium,observe_only,False
medium,0.51,1000.0,10.0,0.75,50.5,0.0,medium,observe_only,False
medium,0.52,1000.0,10.0,0.75,50.5,0.0,medium,observe_only,False
medium,0.53,1000.0,10.0,0.75,50.5,0.0,medium,observe_only,False
medium,0.54,1000.0,10.0,0.75,50.5,0.0,medium,observe_only,False
medium,0.55,1000.0,10.0,0.75,50.5,0.0,medium,observe_only,False
medium,0.56,1000.0,10.0,0.75,50.5,0.0,medium,observe_only,False
medium,0.5700000000000001,1000.0,10.0,0.75,50.5,0.0,medium,observe_only,False
medium,0.58,1000.0,10.0,0.75,50.5,0.0,medium,observe_only,False
medium,0.59,1000.0,10.0,0.75,50.5,0.0,medium,observe_only,False
medium,0.6,1000.0,10.0,0.75,50.5,0.0,medium,observe_only,False
medium,0.61,1000.0,10.0,0.75,50.5,0.0,medium,observe_only,False
medium,0.62,1000.0,10.0,0.75,50.5,0.0,medium,observe_only,False
medium,0.63,1000.0,10.0,0.75,50.5,0.0,medium,observe_only,False
medium,0.64,1000.0,10.0,0.75,50.5,0.0,medium,observe_only,False
medium,0.65,1000.0,10.0,0.75,50.5,0.0,medium,observe_only,False
medium,0.66,1000.0,10.0,0.75,50.5,0.0,medium,observe_only,False
medium,0.67,1000.0,10.0,0.75,50.5,0.0,medium,observe_only,False
medium,0.68,1000.0,10.0,0.75,50.5,0.0,medium,observe_only,False
medium,0.6900000000000001,1000.0,10.0,0.75,50.5,0.0,medium,observe_only,False
medium,0.7000000000000001,1000.0,10.0,0.75,50.5,0.0,medium,observe_only,False
medium,0.71,1000.0,10.0,0.75,50.5,0.0,medium,observe_only,False
medium,0.72,1000.0,10.0,0.75,50.5,0.0,medium,observe_only,False
medium,0.73,1000.0,10.0,0.75,50.5,0.0,medium,observe_only,False
medium,0.74,1000.0,10.0,0.75,50.5,0.0,medium,observe_only,False
medium,0.75,1000.0,10.0,0.75,50.5,0.0,medium,observe_only,False
medium,0.76,1000.0,10.0,0.75,50.5,0.0,medium,observe_only,False
medium,0.77,1000.0,10.0,0.75,50.5,0.0,medium,observe_only,False
medium,0.78,1000.0,10.0,0.75,50.5,0.0,medium,observe_only,False
medium,0.79,1000.0,10.0,0.75,50.5,0.0,medium,observe_only,False
medium,0.8,1000.0,10.0,0.75,50.5,0.0,medium,observe_only,False
medium,0.81,1000.0,10.0,0.75,50.5,0.0,medium,observe_only,False
medium,0.8200000000000001,1000.0,10.0,0.75,50.5,0.0,medium,observe_only,False
medium,0.8300000000000001,1000.0,10.0,0.75,50.5,0.0,medium,observe_only,False
medium,0.84,1000.0,10.0,0.75,50.5,0.0,medium,observe_only,False
medium,0.85,1000.0,10.0,0.75,50.5,0.0,medium,observe_only,False
medium,0.86,1000.0,10.0,0.75,50.5,0.0,medium,observe_only,False
medium,0.87,1000.0,10.0,0.75,50.5,0.0,medium,observe_only,False
medium,0.88,1000.0,10.0,0.75,50.5,0.0,medium,observe_only,False
medium,0.89,1000.0,10.0,0.75,50.5,0.0,medium,observe_only,False
medium,0.9,1000.0,10.0,0.75,50.5,0.0,medium,observe_only,False
medium,0.91,1000.0,10.0,0.75,50.5,0.0,medium,observe_only,False
medium,0.92,1000.0,10.0,0.75,50.5,0.0,medium,observe_only,False
medium,0.93,1000.0,10.0,0.75,50.5,0.0,medium,observe_only,False
medium,0.9400000000000001,1000.0,10.0,0.75,50.5,0.0,medium,observe_only,False
medium,0.9500000000000001,1000.0,10.0,0.75,50.5,0.0,medium,observe_only,False
medium,0.96,1000.0,10.0,0.75,50.5,0.0,medium,observe_only,False
medium,0.97,1000.0,10.0,0.75,50.5,0.0,medium,observe_only,False
medium,0.98,1000.0,10.0,0.75,50.5,0.0,medium,observe_only,False
medium,0.99,1000.0,10.0,0.75,50.5,0.0,medium,observe_only,False
medium,1.0,4000.0,10.0,0.9,800.5,74999.99999999993,high,observe_only,False
medium,1.01,4000.0,10.0,0.9,800.5,0.0,high,observe_only,False
medium,1.02,4000.0,10.0,0.9,800.5,0.0,high,observe_only,False
medium,1.03,4000.0,10.0,0.9,800.5,0.0,high,observe_only,False
medium,1.04,4000.0,10.0,0.9,800.5,0.0,high,observe_only,False
medium,1.05,4000.0,10.0,0.9,800.5,0.0,high,observe_only,False
medium,1.06,4000.0,10.0,0.9,800.5,0.0,high,observe_only,False
medium,1.07,4000.0,10.0,0.9,800.5,0.0,high,observe_only,False
medium,1.08,4000.0,10.0,0.9,800.5,0.0,high,observe_only,False
medium,1.09,4000.0,10.0,0.9,800.5,0.0,high,observe_only,False
medium,1.1,4000.0,10.0,0.9,800.5,0.0,high,observe_only,False
medium,1.11,4000.0,10.0,0.9,800.5,0.0,high,observe_only,False
medium,1.12,4000.0,10.0,0.9,800.5,0.0,high,observe_only,False
medium,1.1300000000000001,4000.0,10.0,0.9,800.5,0.0,high,observe_only,False
medium,1.1400000000000001,4000.0,10.0,0.9,800.5,0.0,high,observe_only,False
medium,1.1500000000000001,4000.0,10.0,0.9,800.5,0.0,high,observe_only,False
medium,1.16,4000.0,10.0,0.9,800.5,0.0,high,observe_only,False
medium,1.17,4000.0,10.0,0.9,800.5,0.0,high,observe_only,False
medium,1.18,4000.0,10.0,0.9,800.5,0.0,high,observe_only,False
medium,1.19,4000.0,10.0,0.9,800.5,0.0,high,observe_only,False
medium,1.2,4000.0,10.0,0.9,800.5,0.0,high,observe_only,False
medium,1.21,4000.0,10.0,0.9,800.5,0.0,high,observe_only,False
medium,1.22,4000.0,10.0,0.9,800.5,0.0,high,observe_only,False
medium,1.23,4000.0,10.0,0.9,800.5,0.0,high,observe_only,False
medium,1.24,4000.0,10.0,0.9,800.5,0.0,high,observe_only,False
medium,1.25,4000.0,10.0,0.9,800.5,0.0,high,observe_only,False
medium,1.26,4000.0,10.0,0.9,800.5,0.0,high,observe_only,False
medium,1.27,4000.0,10.0,0.9,800.5,0.0,high,observe_only,False
medium,1.28,4000.0,10.0,0.9,800.5,0.0,high,observe_only,False
medium,1.29,4000.0,10.0,0.9,800.5,0.0,high,observe_only,False
medium,1.3,4000.0,10.0,0.9,800.5,0.0,high,observe_only,False
medium,1.31,4000.0,10.0,0.9,800.5,0.0,high,observe_only,False
medium,1.32,4000.0,10.0,0.9,800.5,0.0,high,observe_only,False
medium,1.33,4000.0,10.0,0.9,800.5,0.0,high,observe_only,False
medium,1.34,4000.0,10.0,0.9,800.5,0.0,high,observe_only,False
medium,1.35,4000.0,10.0,0.9,800.5,0.0,high,observe_only,False
medium,1.36,4000.0,10.0,0.9,800.5,0.0,high,observe_only,False
medium,1.37,4000.0,10.0,0.9,800.5,0.0,high,observe_only,False
medium,1.3800000000000001,4000.0,10.0,0.9,800.5,0.0,high,observe_only,False
medium,1.3900000000000001,4000.0,10.0,0.9,800.5,0.0,high,observe_only,False
medium,1.4000000000000001,1000.0,10.0,0.75,50.5,-74999.99999999993,medium,observe_only,False
medium,1.41,1000.0,10.0,0.75,50.5,0.0,medium,observe_only,False
medium,1.42,1000.0,10.0,0.75,50.5,0.0,medium,observe_only,False
medium,1.43,1000.0,10.0,0.75,50.5,0.0,medium,observe_only,False
medium,1.44,1000.0,10.0,0.75,50.5,0.0,medium,observe_only,False
medium,1.45,1000.0,10.0,0.75,50.5,0.0,medium,observe_only,False
medium,1.46,1000.0,10.0,0.75,50.5,0.0,medium,observe_only,False
medium,1.47,1000.0,10.0,0.75,50.5,0.0,medium,observe_only,False
medium,1.48,1000.0,10.0,0.75,50.5,0.0,medium,observe_only,False
medium,1.49,1000.0,10.0,0.75,50.5,0.0,medium,observe_only,False
medium,1.5,1000.0,10.0,0.75,50.5,0.0,medium,observe_only,False
medium,1.51,1000.0,10.0,0.75,50.5,0.0,medium,observe_only,False
medium,1.52,1000.0,10.0,0.75,50.5,0.0,medium,observe_only,False
medium,1.53,1000.0,10.0,0.75,50.5,0.0,medium,observe_only,False
medium,1.54,1000.0,10.0,0.75,50.5,0.0,medium,observe_only,False
medium,1.55,1000.0,10.0,0.75,50.5,0.0,medium,observe_only,False
medium,1.56,1000.0,10.0,0.75,50.5,0.0,medium,observe_only,False
medium,1.57,1000.0,10.0,0.75,50.5,0.0,medium,observe_only,False
medium,1.58,1000.0,10.0,0.75,50.5,0.0,medium,observe_only,False
medium,1.59,1000.0,10.0,0.75,50.5,0.0,medium,observe_only,False
medium,1.6,1000.0,10.0,0.75,50.5,0.0,medium,observe_only,False
medium,1.61,1000.0,10.0,0.75,50.5,0.0,medium,observe_only,False
medium,1.62,1000.0,10.0,0.75,50.5,0.0,medium,observe_only,False
medium,1.6300000000000001,1000.0,10.0,0.75,50.5,0.0,medium,observe_only,False
medium,1.6400000000000001,1000.0,10.0,0.75,50.5,0.0,medium,observe_only,False
medium,1.6500000000000001,1000.0,10.0,0.75,50.5,0.0,medium,observe_only,False
medium,1.6600000000000001,1000.0,10.0,0.75,50.5,0.0,medium,observe_only,False
medium,1.67,1000.0,10.0,0.75,50.5,0.0,medium,observe_only,False
medium,1.68,1000.0,10.0,0.75,50.5,0.0,medium,observe_only,False
medium,1.69,1000.0,10.0,0.75,50.5,0.0,medium,observe_only,False
medium,1.7,1000.0,10.0,0.75,50.5,0.0,medium,observe_only,False
medium,1.71,1000.0,10.0,0.75,50.5,0.0,medium,observe_only,False
medium,1.72,1000.0,10.0,0.75,50.5,0.0,medium,observe_only,False
medium,1.73,1000.0,10.0,0.75,50.5,0.0,medium,observe_only,False
medium,1.74,1000.0,10.0,0.75,50.5,0.0,medium,observe_only,False
medium,1.75,1000.0,10.0,0.75,50.5,0.0,medium,observe_only,False
medium,1.76,1000.0,10.0,0.75,50.5,0.0,medium,observe_only,False
medium,1.77,1000.0,10.0,0.75,50.5,0.0,medium,observe_only,False
medium,1.78,1000.0,10.0,0.75,50.5,0.0,medium,observe_only,False
medium,1.79,1000.0,10.0,0.75,50.5,0.0,medium,observe_only,False
medium,1.8,1000.0,10.0,0.75,50.5,0.0,medium,observe_only,False
medium,1.81,1000.0,10.0,0.75,50.5,0.0,medium,observe_only,False
medium,1.82,1000.0,10.0,0.75,50.5,0.0,medium,observe_only,False
medium,1.83,1000.0,10.0,0.75,50.5,0.0,medium,observe_only,False
medium,1.84,1000.0,10.0,0.75,50.5,0.0,medium,observe_only,False
medium,1.85,1000.0,10.0,0.75,50.5,0.0,medium,observe_only,False
medium,1.86,1000.0,10.0,0.75,50.5,0.0,medium,observe_only,False
medium,1.87,1000.0,10.0,0.75,50.5,0.0,medium,observe_only,False
medium,1.8800000000000001,1000.0,10.0,0.75,50.5,0.0,medium,observe_only,False
medium,1.8900000000000001,1000.0,10.0,0.75,50.5,0.0,medium,observe_only,False
medium,1.9000000000000001,1000.0,10.0,0.75,50.5,0.0,medium,observe_only,False
medium,1.9100000000000001,1000.0,10.0,0.75,50.5,0.0,medium,observe_only,False
medium,1.92,1000.0,10.0,0.75,50.5,0.0,medium,observe_only,False
medium,1.93,1000.0,10.0,0.75,50.5,0.0,medium,observe_only,False
medium,1.94,1000.0,10.0,0.75,50.5,0.0,medium,observe_only,False
medium,1.95,1000.0,10.0,0.75,50.5,0.0,medium,observe_only,False
medium,1.96,1000.0,10.0,0.75,50.5,0.0,medium,observe_only,False
medium,1.97,1000.0,10.0,0.75,50.5,0.0,medium,observe_only,False
medium,1.98,1000.0,10.0,0.75,50.5,0.0,medium,observe_only,False
medium,1.99,1000.0,10.0,0.75,50.5,0.0,medium,observe_only,False
high,0.0,1000.0,10.0,0.75,50.5,0.0,medium,observe_only,False
high,0.01,1000.0,10.0,0.75,50.5,0.0,medium,observe_only,False
high,0.02,1000.0,10.0,0.75,50.5,0.0,medium,observe_only,False
high,0.03,1000.0,10.0,0.75,50.5,0.0,medium,observe_only,False
high,0.04,1000.0,10.0,0.75,50.5,0.0,medium,observe_only,False
high,0.05,1000.0,10.0,0.75,50.5,0.0,medium,observe_only,False
high,0.06,1000.0,10.0,0.75,50.5,0.0,medium,observe_only,False
high,0.07,1000.0,10.0,0.75,50.5,0.0,medium,observe_only,False
high,0.08,1000.0,10.0,0.75,50.5,0.0,medium,observe_only,False
high,0.09,1000.0,10.0,0.75,50.5,0.0,medium,observe_only,False
high,0.1,1000.0,10.0,0.75,50.5,0.0,medium,observe_only,False
high,0.11,1000.0,10.0,0.75,50.5,0.0,medium,observe_only,False
high,0.12,1000.0,10.0,0.75,50.5,0.0,medium,observe_only,False
high,0.13,1000.0,10.0,0.75,50.5,0.0,medium,observe_only,False
high,0.14,1000.0,10.0,0.75,50.5,0.0,medium,observe_only,False
high,0.15,1000.0,10.0,0.75,50.5,0.0,medium,observe_only,False
high,0.16,1000.0,10.0,0.75,50.5,0.0,medium,observe_only,False
high,0.17,1000.0,10.0,0.75,50.5,0.0,medium,observe_only,False
high,0.18,1000.0,10.0,0.75,50.5,0.0,medium,observe_only,False
high,0.19,1000.0,10.0,0.75,50.5,0.0,medium,observe_only,False
high,0.2,1000.0,10.0,0.75,50.5,0.0,medium,observe_only,False
high,0.21,1000.0,10.0,0.75,50.5,0.0,medium,observe_only,False
high,0.22,1000.0,10.0,0.75,50.5,0.0,medium,observe_only,False
high,0.23,1000.0,10.0,0.75,50.5,0.0,medium,observe_only,False
high,0.24,1000.0,10.0,0.75,50.5,0.0,medium,observe_only,False
high,0.25,1000.0,10.0,0.75,50.5,0.0,medium,observe_only,False
high,0.26,1000.0,10.0,0.75,50.5,0.0,medium,observe_only,False
high,0.27,1000.0,10.0,0.75,50.5,0.0,medium,observe_only,False
high,0.28,1000.0,10.0,0.75,50.5,0.0,medium,observe_only,False
high,0.29,1000.0,10.0,0.75,50.5,0.0,medium,observe_only,False
high,0.3,1000.0,10.0,0.75,50.5,0.0,medium,observe_only,False
high,0.31,1000.0,10.0,0.75,50.5,0.0,medium,observe_only,False
high,0.32,1000.0,10.0,0.75,50.5,0.0,medium,observe_only,False
high,0.33,1000.0,10.0,0.75,50.5,0.0,medium,observe_only,False
high,0.34,1000.0,10.0,0.75,50.5,0.0,medium,observe_only,False
high,0.35000000000000003,1000.0,10.0,0.75,50.5,0.0,medium,observe_only,False
high,0.36,1000.0,10.0,0.75,50.5,0.0,medium,observe_only,False
high,0.37,1000.0,10.0,0.75,50.5,0.0,medium,observe_only,False
high,0.38,1000.0,10.0,0.75,50.5,0.0,medium,observe_only,False
high,0.39,1000.0,10.0,0.75,50.5,0.0,medium,observe_only,False
high,0.4,1000.0,10.0,0.75,50.5,0.0,medium,observe_only,False
high,0.41000000000000003,1000.0,10.0,0.75,50.5,0.0,medium,observe_only,False
high,0.42,1000.0,10.0,0.75,50.5,0.0,medium,observe_only,False
high,0.43,1000.0,10.0,0.75,50.5,0.0,medium,observe_only,False
high,0.44,1000.0,10.0,0.75,50.5,0.0,medium,observe_only,False
high,0.45,1000.0,10.0,0.75,50.5,0.0,medium,observe_only,False
high,0.46,1000.0,10.0,0.75,50.5,0.0,medium,observe_only,False
high,0.47000000000000003,1000.0,10.0,0.75,50.5,0.0,medium,observe_only,False
high,0.48,1000.0,10.0,0.75,50.5,0.0,medium,observe_only,False
high,0.49,1000.0,10.0,0.75,50.5,0.0,medium,observe_only,False
high,0.5,1000.0,10.0,0.75,50.5,0.0,medium,observe_only,False
high,0.51,1000.0,10.0,0.75,50.5,0.0,medium,observe_only,False
high,0.52,1000.0,10.0,0.75,50.5,0.0,medium,observe_only,False
high,0.53,1000.0,10.0,0.75,50.5,0.0,medium,observe_only,False
high,0.54,1000.0,10.0,0.75,50.5,0.0,medium,observe_only,False
high,0.55,1000.0,10.0,0.75,50.5,0.0,medium,observe_only,False
high,0.56,1000.0,10.0,0.75,50.5,0.0,medium,observe_only,False
high,0.5700000000000001,1000.0,10.0,0.75,50.5,0.0,medium,observe_only,False
high,0.58,1000.0,10.0,0.75,50.5,0.0,medium,observe_only,False
high,0.59,1000.0,10.0,0.75,50.5,0.0,medium,observe_only,False
high,0.6,1000.0,10.0,0.75,50.5,0.0,medium,observe_only,False
high,0.61,1000.0,10.0,0.75,50.5,0.0,medium,observe_only,False
high,0.62,1000.0,10.0,0.75,50.5,0.0,medium,observe_only,False
high,0.63,1000.0,10.0,0.75,50.5,0.0,medium,observe_only,False
high,0.64,1000.0,10.0,0.75,50.5,0.0,medium,observe_only,False
high,0.65,1000.0,10.0,0.75,50.5,0.0,medium,observe_only,False
high,0.66,1000.0,10.0,0.75,50.5,0.0,medium,observe_only,False
high,0.67,1000.0,10.0,0.75,50.5,0.0,medium,observe_only,False
high,0.68,1000.0,10.0,0.75,50.5,0.0,medium,observe_only,False
high,0.6900000000000001,1000.0,10.0,0.75,50.5,0.0,medium,observe_only,False
high,0.7000000000000001,1000.0,10.0,0.75,50.5,0.0,medium,observe_only,False
high,0.71,1000.0,10.0,0.75,50.5,0.0,medium,observe_only,False
high,0.72,1000.0,10.0,0.75,50.5,0.0,medium,observe_only,False
high,0.73,1000.0,10.0,0.75,50.5,0.0,medium,observe_only,False
high,0.74,1000.0,10.0,0.75,50.5,0.0,medium,observe_only,False
high,0.75,1000.0,10.0,0.75,50.5,0.0,medium,observe_only,False
high,0.76,1000.0,10.0,0.75,50.5,0.0,medium,observe_only,False
high,0.77,1000.0,10.0,0.75,50.5,0.0,medium,observe_only,False
high,0.78,1000.0,10.0,0.75,50.5,0.0,medium,observe_only,False
high,0.79,1000.0,10.0,0.75,50.5,0.0,medium,observe_only,False
high,0.8,1000.0,10.0,0.75,50.5,0.0,medium,observe_only,False
high,0.81,1000.0,10.0,0.75,50.5,0.0,medium,observe_only,False
high,0.8200000000000001,1000.0,10.0,0.75,50.5,0.0,medium,observe_only,False
high,0.8300000000000001,1000.0,10.0,0.75,50.5,0.0,medium,observe_only,False
high,0.84,1000.0,10.0,0.75,50.5,0.0,medium,observe_only,False
high,0.85,1000.0,10.0,0.75,50.5,0.0,medium,observe_only,False
high,0.86,1000.0,10.0,0.75,50.5,0.0,medium,observe_only,False
high,0.87,1000.0,10.0,0.75,50.5,0.0,medium,observe_only,False
high,0.88,1000.0,10.0,0.75,50.5,0.0,medium,observe_only,False
high,0.89,1000.0,10.0,0.75,50.5,0.0,medium,observe_only,False
high,0.9,1000.0,10.0,0.75,50.5,0.0,medium,observe_only,False
high,0.91,1000.0,10.0,0.75,50.5,0.0,medium,observe_only,False
high,0.92,1000.0,10.0,0.75,50.5,0.0,medium,observe_only,False
high,0.93,1000.0,10.0,0.75,50.5,0.0,medium,observe_only,False
high,0.9400000000000001,1000.0,10.0,0.75,50.5,0.0,medium,observe_only,False
high,0.9500000000000001,1000.0,10.0,0.75,50.5,0.0,medium,observe_only,False
high,0.96,1000.0,10.0,0.75,50.5,0.0,medium,observe_only,False
high,0.97,1000.0,10.0,0.75,50.5,0.0,medium,observe_only,False
high,0.98,1000.0,10.0,0.75,50.5,0.0,medium,observe_only,False
high,0.99,1000.0,10.0,0.75,50.5,0.0,medium,observe_only,False
high,1.0,7000.0,10.0,1.0,2450.5,239999.9999999998,high,observe_only,False
high,1.01,7000.0,10.0,1.0,2450.5,0.0,high,observe_only,False
high,1.02,7000.0,10.0,1.0,2450.5,0.0,high,observe_only,False
high,1.03,7000.0,10.0,1.0,2450.5,0.0,high,observe_only,False
high,1.04,7000.0,10.0,1.0,2450.5,0.0,high,observe_only,False
high,1.05,7000.0,10.0,1.0,2450.5,0.0,high,observe_only,False
high,1.06,7000.0,10.0,1.0,2450.5,0.0,high,observe_only,False
high,1.07,7000.0,10.0,1.0,2450.5,0.0,high,observe_only,False
high,1.08,7000.0,10.0,1.0,2450.5,0.0,high,observe_only,False
high,1.09,7000.0,10.0,1.0,2450.5,0.0,high,observe_only,False
high,1.1,7000.0,10.0,1.0,2450.5,0.0,high,observe_only,False
high,1.11,7000.0,10.0,1.0,2450.5,0.0,high,observe_only,False
high,1.12,7000.0,10.0,1.0,2450.5,0.0,high,observe_only,False
high,1.1300000000000001,7000.0,10.0,1.0,2450.5,0.0,high,observe_only,False
high,1.1400000000000001,7000.0,10.0,1.0,2450.5,0.0,high,observe_only,False
high,1.1500000000000001,7000.0,10.0,1.0,2450.5,0.0,high,observe_only,False
high,1.16,7000.0,10.0,1.0,2450.5,0.0,high,observe_only,False
high,1.17,7000.0,10.0,1.0,2450.5,0.0,high,observe_only,False
high,1.18,7000.0,10.0,1.0,2450.5,0.0,high,observe_only,False
high,1.19,7000.0,10.0,1.0,2450.5,0.0,high,observe_only,False
high,1.2,7000.0,10.0,1.0,2450.5,0.0,high,observe_only,False
high,1.21,7000.0,10.0,1.0,2450.5,0.0,high,observe_only,False
high,1.22,7000.0,10.0,1.0,2450.5,0.0,high,observe_only,False
high,1.23,7000.0,10.0,1.0,2450.5,0.0,high,observe_only,False
high,1.24,7000.0,10.0,1.0,2450.5,0.0,high,observe_only,False
high,1.25,7000.0,10.0,1.0,2450.5,0.0,high,observe_only,False
high,1.26,7000.0,10.0,1.0,2450.5,0.0,high,observe_only,False
high,1.27,7000.0,10.0,1.0,2450.5,0.0,high,observe_only,False
high,1.28,7000.0,10.0,1.0,2450.5,0.0,high,observe_only,False
high,1.29,7000.0,10.0,1.0,2450.5,0.0,high,observe_only,False
high,1.3,7000.0,10.0,1.0,2450.5,0.0,high,observe_only,False
high,1.31,7000.0,10.0,1.0,2450.5,0.0,high,observe_only,False
high,1.32,7000.0,10.0,1.0,2450.5,0.0,high,observe_only,False
high,1.33,7000.0,10.0,1.0,2450.5,0.0,high,observe_only,False
high,1.34,7000.0,10.0,1.0,2450.5,0.0,high,observe_only,False
high,1.35,7000.0,10.0,1.0,2450.5,0.0,high,observe_only,False
high,1.36,7000.0,10.0,1.0,2450.5,0.0,high,observe_only,False
high,1.37,7000.0,10.0,1.0,2450.5,0.0,high,observe_only,False
high,1.3800000000000001,7000.0,10.0,1.0,2450.5,0.0,high,observe_only,False
high,1.3900000000000001,7000.0,10.0,1.0,2450.5,0.0,high,observe_only,False
high,1.4000000000000001,7000.0,10.0,1.0,2450.5,0.0,high,observe_only,False
high,1.41,7000.0,10.0,1.0,2450.5,0.0,high,observe_only,False
high,1.42,7000.0,10.0,1.0,2450.5,0.0,high,observe_only,False
high,1.43,7000.0,10.0,1.0,2450.5,0.0,high,observe_only,False
high,1.44,7000.0,10.0,1.0,2450.5,0.0,high,observe_only,False
high,1.45,7000.0,10.0,1.0,2450.5,0.0,high,observe_only,False
high,1.46,7000.0,10.0,1.0,2450.5,0.0,high,observe_only,False
high,1.47,7000.0,10.0,1.0,2450.5,0.0,high,observe_only,False
high,1.48,7000.0,10.0,1.0,2450.5,0.0,high,observe_only,False
high,1.49,7000.0,10.0,1.0,2450.5,0.0,high,observe_only,False
high,1.5,7000.0,10.0,1.0,2450.5,0.0,high,observe_only,False
high,1.51,7000.0,10.0,1.0,2450.5,0.0,high,observe_only,False
high,1.52,7000.0,10.0,1.0,2450.5,0.0,high,observe_only,False
high,1.53,7000.0,10.0,1.0,2450.5,0.0,high,observe_only,False
high,1.54,7000.0,10.0,1.0,2450.5,0.0,high,observe_only,False
high,1.55,7000.0,10.0,1.0,2450.5,0.0,high,observe_only,False
high,1.56,7000.0,10.0,1.0,2450.5,0.0,high,observe_only,False
high,1.57,7000.0,10.0,1.0,2450.5,0.0,high,observe_only,False
high,1.58,7000.0,10.0,1.0,2450.5,0.0,high,observe_only,False
high,1.59,7000.0,10.0,1.0,2450.5,0.0,high,observe_only,False
high,1.6,7000.0,10.0,1.0,2450.5,0.0,high,observe_only,False
high,1.61,1000.0,10.0,0.75,50.5,-239999.9999999998,medium,observe_only,False
high,1.62,1000.0,10.0,0.75,50.5,0.0,medium,observe_only,False
high,1.6300000000000001,1000.0,10.0,0.75,50.5,0.0,medium,observe_only,False
high,1.6400000000000001,1000.0,10.0,0.75,50.5,0.0,medium,observe_only,False
high,1.6500000000000001,1000.0,10.0,0.75,50.5,0.0,medium,observe_only,False
high,1.6600000000000001,1000.0,10.0,0.75,50.5,0.0,medium,observe_only,False
high,1.67,1000.0,10.0,0.75,50.5,0.0,medium,observe_only,False
high,1.68,1000.0,10.0,0.75,50.5,0.0,medium,observe_only,False
high,1.69,1000.0,10.0,0.75,50.5,0.0,medium,observe_only,False
high,1.7,1000.0,10.0,0.75,50.5,0.0,medium,observe_only,False
high,1.71,1000.0,10.0,0.75,50.5,0.0,medium,observe_only,False
high,1.72,1000.0,10.0,0.75,50.5,0.0,medium,observe_only,False
high,1.73,1000.0,10.0,0.75,50.5,0.0,medium,observe_only,False
high,1.74,1000.0,10.0,0.75,50.5,0.0,medium,observe_only,False
high,1.75,1000.0,10.0,0.75,50.5,0.0,medium,observe_only,False
high,1.76,1000.0,10.0,0.75,50.5,0.0,medium,observe_only,False
high,1.77,1000.0,10.0,0.75,50.5,0.0,medium,observe_only,False
high,1.78,1000.0,10.0,0.75,50.5,0.0,medium,observe_only,False
high,1.79,1000.0,10.0,0.75,50.5,0.0,medium,observe_only,False
high,1.8,1000.0,10.0,0.75,50.5,0.0,medium,observe_only,False
high,1.81,1000.0,10.0,0.75,50.5,0.0,medium,observe_only,False
high,1.82,1000.0,10.0,0.75,50.5,0.0,medium,observe_only,False
high,1.83,1000.0,10.0,0.75,50.5,0.0,medium,observe_only,False
high,1.84,1000.0,10.0,0.75,50.5,0.0,medium,observe_only,False
high,1.85,1000.0,10.0,0.75,50.5,0.0,medium,observe_only,False
high,1.86,1000.0,10.0,0.75,50.5,0.0,medium,observe_only,False
high,1.87,1000.0,10.0,0.75,50.5,0.0,medium,observe_only,False
high,1.8800000000000001,1000.0,10.0,0.75,50.5,0.0,medium,observe_only,False
high,1.8900000000000001,1000.0,10.0,0.75,50.5,0.0,medium,observe_only,False
high,1.9000000000000001,1000.0,10.0,0.75,50.5,0.0,medium,observe_only,False
high,1.9100000000000001,1000.0,10.0,0.75,50.5,0.0,medium,observe_only,False
high,1.92,1000.0,10.0,0.75,50.5,0.0,medium,observe_only,False
high,1.93,1000.0,10.0,0.75,50.5,0.0,medium,observe_only,False
high,1.94,1000.0,10.0,0.75,50.5,0.0,medium,observe_only,False
high,1.95,1000.0,10.0,0.75,50.5,0.0,medium,observe_only,False
high,1.96,1000.0,10.0,0.75,50.5,0.0,medium,observe_only,False
high,1.97,1000.0,10.0,0.75,50.5,0.0,medium,observe_only,False
high,1.98,1000.0,10.0,0.75,50.5,0.0,medium,observe_only,False
high,1.99,1000.0,10.0,0.75,50.5,0.0,medium,observe_only,False
